"content","sentiment","spam"
"sẽ không quay lại","2","0"
"đắt kinh","2","0"
"k có gì đặc biệt","2","0"
"k quay lại","2","0"
"phục vụ chán","2","0"
"@huenguyendanggiamcan phạm văn đồng nè","0","1"
"@haiz đây nè","0","1"
"@TriLan ơ nhiều thế nhỉ","0","1"
"@phuong_anh_092 chủ nhật c ơi","0","1"
"@Beoiu???? kìa!","0","1"
"@thuhien_ig đi thôi","0","1"
"@Nguyễn Thị Thu Hà hay hôm bê cháp xog r mk lượn nhể","0","1"
"@????️. cta nên trah thủ đi","0","1"
"@phuong_anh_092 chủ nhật c ơi","0","1"
"@phuong linh free kem mí bánh đxu ????","0","1"
"@TriLan ơ nhiều thế nhỉ","0","1"
"@haiz đây nè","0","1"
"@huenguyendanggiamcan phạm văn đồng nè","0","1"
"@thuhien_ig đi thôi","0","1"
"@Beoiu???? kìa!","0","1"
"@Bon thật sự lướt toàn ăn nướng niu ạ","0","1"
"@__lshcx_ đi:)))","0","1"
"@Thịnh Péoo vaizz????","0","1"
"@???? anh ơiii","0","1"
"@Nguyễn Trang ăn lấy sức đau răng đi em","0","1"
"@Planh012 ơ quán hôm trc mình ăn này","0","1"
"@Kem ???? làm bữa cho hệ tiêu hoá hoạt động nhạy khum","0","1"
"@Thu Hà Nguyễn sao mình ăn nó lạ lắm nhỉ????","0","1"
"@Phan Ngọc Đại vậy ma trc k bt hiccc","0","1"
"@Thanh Mạc alooo","0","1"
"@Nhi Yến lưu lại điu nè","0","1"
"@HG!! Lưu lại ăn tất niên ????","0","1"
"@Vũ Tuân có tôm","0","1"
"@Chung    Nguyn????????  lưu đi anh","0","1"
"@Lemm_00 ơ ơ","0","1"
"@Huyen_Trang thẩm nó ????????????","0","1"
"@Nguyễn Ngọc Tùng ???? vài tháng nữa","0","1"
"@Nguyễn Thị Thủy khi mô nghỉ ta đi","0","1"
"@Vũ Hải Tuyền836 kbt bh mí dc ny dẫn đi","0","1"
"@Khánh Linh lưu lại rùiiiu đii ăn","0","1"
"@dinhthikhanhvan @Chung đen đi","0","1"
"@Diệp Thảo mấy quán buk đều ok thì phải????","0","1"
"@❤️kìa","0","1"
"@Tram Anh thèm m ơi","0","1"
"@Thanh Lâm hmmm đồ nướng nè","0","1"
"@Đạt neee giờ chỉ còn mỗi cs 2 nè","0","1"
"@Thuý Quỳnh giàu rồi đi","0","1"
"@Thu ha đi ăn nướg thử hôm","0","1"
"@Con cho sua gau gau cứ quẹo thử ăn coi như nào a ????????","0","1"
"@???? hay đổi nón đi ăn cnay","0","1"
"@Kiên Nguyễn chết thèm","0","1"
"@PAa gần lắm nọ đi jollibe tô hiệu rồi","0","1"
"@Thùy Dương @nguyenluong09102003 e hèm trời lạnh rùiiii. Quá hợp lí????","0","1"
"@LêAnhĐức????‍???? cũm đc","0","1"
"@ph.nganhh19 quay lại nx ko","0","1"
"@Foxie chuẩn bài r","0","1"
"@Hoàng Phúc Yên e muốn đi ăn này nàyy","0","1"
"@???????????????? ????  như nào nhể","0","1"
"@Gia Linh đọc cmt","0","1"
"@Híu đợi b bao","0","1"
"@Đào Quang Tiến","0","1"
"@lê mạnh khang ????????????","0","1"
"@Thủy Trần","0","1"
"@Hường xịn xịn nè lên đồ thôi","0","1"
"@thuhuong ???? chỗ mịn","0","1"
"@hiptrn056 m10 nhận lương lại ra quán quen đê","0","1"
"@NND_T1 @LiLy LiLy","0","1"
"@Công Đạt Hoàng","0","1"
"@Nata","0","1"
"@✅CẬU ÚT","0","1"
"Đi thui @Ngọc Diệp","0","1"
"@Trung Tran đi ănn","0","1"
"@Khang_khang hồi nào đi ăn đây","0","1"
"@Điệp Đỗ","0","1"
"@_nhiiiiii_","0","1"
"@Bắp","0","1"
"@Tiên Tiên","0","1"
"@babyshin0","0","1"
"@Qyn Qyn","0","1"
"@bearlikesgame","0","1"
"@pook","0","1"
"@_nhiiiiii_ quán ngon","0","1"
"@mit65701 ngon quá nè đi ăn","0","1"
"@Đoàn Thanh Ngân ở quận 7 sao nó khác quá dạ????","0","1"
"@Alvintastic21 ê sao mình ăn ở cơ sở khác ko có mấy món ở quầy line vs k có mì nhỉ :)))))","0","1"
"@Phạm Anh Tài thân phận người nghèo.????","0","1"
"@????????????  sao nó lạ quá v :)","0","1"
"@Đan Trườngg alooo chồng ơi ????","0","1"
"@熟娟•Shú Juān♈️@Trang Ly rất lạ","0","1"
"@_ntyn.ttamm ủa????","0","1"
"@Hami???? thèm????","0","1"
"@Nguyễn Việt Hoàng đay lèe thèm vaii","0","1"
"@trinhpham nhiều quá o biết ăn chỗ nào lun","0","1"
"@Tú Anh aiuuuu","0","1"
"@???? thèm lại huhu","0","1"
"@mt thèm rui","0","1"
"@Huỳnh Giao anni đi cái này thay cái kia đi","0","1"
"@T quán t nói","0","1"
"@Phụng Anh tnhien thèm","0","1"
"@Pham Ngoc Luong em sẽ để dành tiền để ăn mới đc","0","1"
"@Kim Oanh qua tgian dc free nước rùi","0","1"
"@Nguyễn Thế Tuấn hic","0","1"
"@???? lâu lắm k ănnn","0","1"
"@caphedenn em iuu","0","1"
"@Phạm Hoàng 2k1 cách e 3km","0","1"
"@✿‿•мιυυyên đi k nhò","0","1"
"@369.41g/mol đi nhé","0","1"
"@Nguyễn Duyên gần hateco","0","1"
"@đta_302 hahhaah di lại khôm","0","1"
"@HuyenChang c oi????","0","1"
"@???????? ???????????????? ????????????  đại học công nghiệp hâhu","0","1"
"@Vũ Phúc Xuân phương a","0","1"
"@Quỳnh Hương ???????? ê có hàu","0","1"
"@Như Quỳnh hàu hàu","0","1"
"@Phạm Tú Bảo hnao đi ko anh , cách nhà 800m","0","1"
"@Tiến Anh coi i","0","1"
"???????????? quá trời đồ luôn kìa, cuối tuần đi m @Quynh Quynh617","0","1"
"@anhtu.do","0","1"
"@Nguyễn Ngọc Sơn","0","1"
"@30thg5 ^•^ nhớ quán này hong anh chủ cho thử nước chấm me nè","0","1"
"@Lê H. Minh đây","0","1"
"@Chanh???? e nhớ quán này ko","0","1"
"@lúc nóng lúc sôi nnay t ăn tốt nè","0","1"
"@Sunny ???? đi khummm nạ","0","1"
"@???? đói","0","1"
"@????????ʕ´•ᴥ•`˵ʔ???????? e bít đi đâu dồi","0","1"
"@???? về đi","0","1"
"@Phương đang niềng răng ???? lần đầu có lần 2 không","0","1"
"T@ThanhNa","0","1"
"@Chạ iu ai????","0","1"
"@Ngọc Hân14875 mún đi mà xa quớ hic","0","1"
"@Gia Bảo có ngiu để đoá nào coá tìn i","0","1"
"@Luân Cá Sấu???? chỗ lúc trước ăn nay khác quá kiag","0","1"
"@Khang và 8745 người khác đi thoiiii","0","1"
"@dn.nquynh @d.d.thon tr oi nhớ hongg","0","1"
"@Uyên Phương hẹn iem tháng tới????","0","1"
"@Nghĩa Nguyễn Hữu770 anhhh","0","1"
"@khẩu xà tâm phật lên kèo đi","0","1"
"@???? lưu vô nào đi ????","0","1"
"@Lê Ang alo","0","1"
"@Thành Phước anh iu ơiiii","0","1"
"@Dung Mụi em oi","0","1"
"Đi thoai @3TV Official","0","1"
"@Quế Chi","0","1"
"@Ngô Thắng dở toàn tập????","0","1"
"@Na???? được rồi đi thôi","0","1"
"@Kiều Trang 9th10","0","1"
"@Teppi Cua @Zím Béo ngon lắm ạ ????","0","1"
"@Tô Hoàng Minh","0","1"
"@Balala???? duyệt","0","1"
"@linhthuyxinhdepnhat đại học mỏ có biết kh ạ :))","0","1"
"@Thanh Hoà ủa sao cta khum thấy ta :))","0","1"
"@NTTT đến ủng hộ đi","0","1"
"@Vanh Kem Sport thèm quá","0","1"
"@Tuan Hoang điiiiii","0","1"
"@Trần Huyền chỗ chi","0","1"
"@Chung phan ????","0","1"
"@T.Dưn đợi hôm nào cậu đưa các bạn đi :)))","0","1"
"@Chú Bé đi thôi b ơi","0","1"
"@Doris???? đổi ca để tối nàooo đi ăn thôi em ơi","0","1"
"@Thương Nguyên Thi bạn ơi","0","1"
"@Nguyễn Nga gần m à","0","1"
"@Mỹ Hậu ủa đâu ra","0","1"
"@25thg8 alo","0","1"
"@maichi4096 gần trường t","0","1"
"@Linh Tâm có ở gần kh nhỉ","0","1"
"@T.h.u.y.t.n gần trường e nè????","0","1"
"@Lệ @4% gần không","0","1"
"@Ặc ặc cứu tui @D waooo","0","1"
"@Ngọc Hà sang đưa đi cấy","0","1"
"mún ik????@Đức Thành ????????","0","1"
"@Thương Huyền bạn ơiii","0","1"
"@Ngọc Thiện quán bữa chỉ ko nhìn nè","0","1"
"@Thuy vợ ơi","0","1"
"@Thanhh Hoàii Đã Có Vợ ????????","0","1"
"@ThyThanh","0","1"
"@Hông eat clean","0","1"
"@TONY","0","1"
"@@ngọc trinh ,????","0","1"
"@Đỗ Kim Tuyền","0","1"
"@Võ Hoàng Khánh","0","1"
"@Angela 51%","0","1"
"@TÔ LY ... GOÀNG cũng là yaki yaki mà sao nó lạ lắm","0","1"
"@Huỳnh Bá Đệ đi đi","0","1"
"@MUN này nè chồng","0","1"
"@anhsnguyen60 e muốn đi????","0","1"
"@ųƴêท☪ɦ¡ bữa nào rảnh đi","0","1"
"@JiaPhua taq trước nho ????????","0","1"
"@Thanh Tú uầy uầy . Rủ c bé kia đi a ????","0","1"
"@Huỳnh Kim Thành mai mốt e dắt a đi ăn bồi bổ sức khỏe","0","1"
"@Nancy Du @Grace Su thứ 3 nè","0","1"
"@Thỏ Babie điiiiiiii","0","1"
"@AnnaMy thèm","0","1"
"@ρ❍ղ ɑղɗ ρɑղɗɑ︵❣ à lô","0","1"
"@boo êiii","0","1"
"@Tuanh0908 đi ko?","0","1"
"@Nam Nguyễn sao bữa nó k gthieu mình này ta","0","1"
"@Hân Di đi","0","1"
"@Shjn142 anh OK k","0","1"
"@Sanfr.tam_7125 chị oie","0","1"
"@pnchan đi nè!!!","0","1"
"@Shin thèm Roi","0","1"
"@user807055 sao ạ","0","1"
"@Thảo Vy ???? đi liền","0","1"
"@Katie cũng được nè 169k 1 dĩa","0","1"
"@Cheryl ???? héluuuu","0","1"
"@Như Vicy này sao","0","1"
"@Ha Nguyen galbi roman nè","0","1"
"@Tran xuan nam nghe có vẻ mặn mà","0","1"
"@Không phải Khuất Hải Anh đâu???? hnao lên thử mỹ đình đi","0","1"
"@Sơn","0","1"
"@Thành Cẩm","0","1"
"@My Dang","0","1"
"@Trâm Đặng","0","1"
"@Kiệt Châu ????","0","1"
"@Văn TLong","0","1"
"@Ngọc Thanh","0","1"
"@Ngo Phuong Linh","0","1"
"@lehoanganh92_","0","1"
"@vthang294","0","1"
"@tphat chết r bk i âu h ck","0","1"
"@Thuý Vân em ơiii","0","1"
"@Phước Tòn ???? gần mình nè, để mấy bữa. Bé dẫn Tòn đi ăng nhaaaa","0","1"
"@???? hôm nào đi","0","1"
"@Hoài Thu Nguyễn bữa nào đi thử hong em","0","1"
"@Nguyễn Thái Vịnh em thèm????","0","1"
"@Phạm Anh Tài 129.","0","1"
"@Lê Ang gò vấp","0","1"
"@Lan Phạm gò vấp kia ????","0","1"
"@DanieBand quán này ngon nè","0","1"
"@tọng Cậu Út mở quán kìa","0","1"
"@PM chiều e lai anh nhé","0","1"
"@dy811rlrl99m aiu ơi nướng nướng này????","0","1"
"@bebe đóiiii","0","1"
"@2 0 0 1 ???? bao giờ đi k ????","0","1"
"@chip muoon ddi quá","0","1"
"@Việt Quỳnh giá mà xem đc sớm hơn ạ","0","1"
"Hai đứa đi đánh lẻ @Hg LiÊnn","0","1"
"@ThanhThao???? rủ 2 th già kia đii đi","0","1"
"@nguyenhuyentrang???? @Phạm Trang nhièu quán v","0","1"
"@vanthuyy trung thu lên đường","0","1"
"@Thanh Trúc nhìn phê vậy paaa","0","1"
"@zinlittle alo","0","1"
"@Quynh Quynh617 con tôm nhìn bự chà bá lun á m. Quá đã","0","1"
"@Tài Mụp Tag thôi, chứ không ý gì hết","0","1"
"@Anh Huấn","0","1"
"@Dâu Tây ???? Của Ba ????","0","1"
"@Việt Vũ","0","1"
"@Col","0","1"
"@KimAnhh","0","1"
"@Đình Đình","0","1"
"@Kim Ngân","0","1"
"@Nguyễn Mỹ @Kim Ngọc","0","1"
"@Phát Trương","0","1"
"@@Ke????","0","1"
"@Dquinh✨","0","1"
"@Wind Là Gió ;))","0","1"
"@Cô bé tôm hùm lun","0","1"
"@Nhím ơii","0","1"
"@hi aaa","0","1"
"@@Trâm Nguyễn be","0","1"
"@Trà My điiii","0","1"
"@???? di k :)))","0","1"
"@châu","0","1"
"@Trần Hải Dương","0","1"
"@Thắng ???? ????????????","0","1"
"@Linh Anh","0","1"
"@Quangg Minhh","0","1"
"@Cúc Thu","0","1"
"@ụ_u","0","1"
"@bro","0","1"
"@Muốn ăn Jollibee???????? @Merlynah???? quán chay nữa nè","0","1"
"@dồi sụn nướng bị nghe lén rồi","0","1"
"@Ngân B mới ăn xong khi nãy, quầy buffet ít, nhân viên kiểu hỏi mãi trốn không thôi. Hết bông cải xanh mình kêu 3 lần k có luôn á. Ăn cho biết","0","1"
"@_himinhlalucyday_ mê","0","1"
"@Nguyễn Minh Ánh thêm 1 nơi để đến","0","1"
"@ᰔᩚռɦím???????? ăn chay đi my","0","1"
"@ᒍr. ᗷ㋛ᗰ buffet chay nè anh ^^","0","1"
"@Mỹ Dung đi ăn khum ????","0","1"
"@Minh Huyền đii","0","1"
"@thinhhhh nhìu nấm quá kìa","0","1"
"@Phuong Vi not Phuong Vy @Nguyen Anh Quốc thèm quá mụi ngừiiii","0","1"
"@con gà tik tok ???????? @Trà Mi - Plant based quán chay nè hai cị iu","0","1"
"Uii @LoNa quán nữa tới nè hehee","0","1"
"@nini ăng","0","1"
"@Trung Kiên ăn lẩu chay nè","0","1"
"@Huỳnh Khang hôm nào xuống c2 xong mình đi ăn đi MM","0","1"
"@Diễm Kiều đÉng iUuu lứm óooo gủ Q dới H đi hônggg","0","1"
"@Tui là Kelly nè kpub giảm giá nèee","0","1"
"thèm kpub qá ba @Nguyen Linh3223","0","1"
"@QA trời lạnh gòi bà:)))","0","1"
"@Quả chúi bị thúi cô ơi đi thôi","0","1"
"@Hải Nguyên aaaaaa","0","1"
"@otp riêu như pún riêu cua ✨ lưu lạiiii","0","1"
"@Trang ăn lẩu kỉu việt đê","0","1"
"@Hoàng Giang đayy","0","1"
"@Hkanh2004 nay vừa bảo xong","0","1"
"@Trần Hiếu63709 biết ngấy nhưng nhìn thèm","0","1"
"@theow ăn khum","0","1"
"@_lhbe_ nè","0","1"
"@Lê Hải Linh t5 i không ngừi đẹp","0","1"
"@ducminh.179 chồng yêuuu","0","1"
"@????️????️  lưu về xag tuần đi ăn đỡ hỏi đi đâu????????","0","1"
"@sushi người ae","0","1"
"@vthuyz0401 bạn tôi à","0","1"
"@Hoàng Thoại Vy đồ ăn ngon luôn ở xa ta????????","0","1"
"@Quỳnh Anhanh quang trung nè","0","1"
"Nhìn con tôm càng là thấy chất lượng rồi nè @Sơn Ra-Khe (Thái Hoàng Sơn) @Lu Lu Review","0","1"
"@????????????̂́ ???????????? k ả mới lịa","0","1"
"@Thuý Vân em ơiiii","0","1"
"@Trương Phúc đi thôi","0","1"
"Tập ăn nhiều gòi tui dẫn bà đi @hongtienquach","0","1"
"@Ngoc Duyn tới ròii","0","1"
"Ck ơi @Jay June557","0","1"
"Đi ăn khum @Huy Hairzoneista","0","1"
"@chocopie nè","0","1"
"@Hải Minhh quầy line có thêm đồ nè","0","1"
"@Minh Đức em muốn đi ănnnnnnnnnnnnn","0","1"
"@Tiểu Bối Nhỏ nhích thui em mình ơi","0","1"
"@HH.GZ @Kim Chi bao giờ mới mở ở đằng nhà mình nhỉ ????","0","1"
"@TusHoa_Nguyen @","0","1"
"@viettruongvu730","0","1"
"@minhnarah6","0","1"
"@Hien Lee","0","1"
"@Phát Nguyễn","0","1"
"@Nam Hoang","0","1"
"@Lê Dũng","0","1"
"@Xiu ????????????????","0","1"
"@Hoangthuy⛈️ck oi đứa lẩu riêu đứa lâu thái nhe","0","1"
"@Ngọc Nguyễn anh ơiii","0","1"
"@Whiteboiz eeee","0","1"
"Ra Hà Nội lủm thôi @Nguyễn Phương Thảo @Hoàng Nam KA","0","1"
"@Duddo gô","0","1"
"@sick biêdt thế ăn lẩu","0","1"
"@Nguyễn Thế giờ khác nhở","0","1"
"@ĐP nào ăn thử","0","1"
"@19.10 ăng lẩu hong","0","1"
"@Minh Phương @Chồn xbb???? 2 đứa thích ăn","0","1"
"@Ngọc Saphia cho N đi thử","0","1"
"@minhhue772 t5","0","1"
"@thích ăn xoài đi ăn lẩu riêu xem có tìm đc real love k","0","1"
"@Trí ????????????","0","1"
"@duongkieumy bữa t tag m bên fb nè. có người rì viu rồi nè????","0","1"
"@Hân Blink có vẻ được hơn spicy box nè m ơi","0","1"
"@Thoảng ( bé lì) qtr rồi????","0","1"
"@khacthuan bữa nào về CM đi","0","1"
"@Chí An Chỗ anh nói nè????","0","1"
"@Như Như đi hôn ????","0","1"
"@Lý Kiều nè em ????????","0","1"
"@Nhân nemo về đi ăn","0","1"
"@Phạm Khánh Duy anh","0","1"
"@Triều Vĩ anhhhh????","0","1"
"@Trúc Thư????‍♀️❤???? cuối năm tới côg chuyện","0","1"
"@điêu Nguyễn cpi đi hoi","0","1"
"@Nii thèm ghia","0","1"
"@Út Mẫn???? chỗ nì gần trọ em nè","0","1"
"@Kiều Hoàng thử quán này đi","0","1"
"@Tuan_tuti96 quán này có vẻ OK nè ck nào về ăn thử nhỉ ck ????????","0","1"
"@Lành Re về hp để đi choén bạn ưi ????","0","1"
"@Tùng Đức @Moon Club Billiards Hạ Long làm kiểu này cũng hay nhỉ","0","1"
"@IZUZI55 nơi mành ăn đây","0","1"
"@Bat pho khonghanh quán giờ nhiều đồ nhỉ","0","1"
"@@Như Quỳnh thế tháng sauu tuii zìa nhé","0","1"
"@Tiểu My hú hu","0","1"
"@Tranh xinh???????????? đi ko ạ","0","1"
"@Hwn.204 mày có muốn chứng thực k chúng ta đi làm video","0","1"
"@Tùng Teng may quá nhìn hú hồn lên đi luôn","0","1"
"@Míttơ Tùng hí. ko bít có phải lần trc ăn quán này ko","0","1"
"@Anh Da Ngăm","0","1"
"@Ⓜ️Thanh TrọngⓂ️đi ôn","0","1"
"@thaothaoneee @Darius cũng ok nè","0","1"
"@Nguyễn Phú Vô đi từ từ a ơi hh","0","1"
"@kim_ca_map đôi mình và đôi bạn là đủ 4 người","0","1"
"@Hồ Thị Thu đi kh bn","0","1"
"@Huynh Thom đi ăn nè","0","1"
"@Thùy Hoàng đi liền nè????","0","1"
"đi ăn nè @irislee214","0","1"
"@Quý","0","1"
"@Mỹ Kim @quynh oanh @bao nhi @Phương Nhi","0","1"
"@Thảo Nguyên????","0","1"
"@N.Trân❤????","0","1"
"@????????????????????????","0","1"
"@Chi Chi nhìn băng chuyền ngta kìa, mình đi sao lạ quá =))))","0","1"
"@Lý Nam đi nè a ơiiii","0","1"
"@Nguyễn Trần Hữu Phát","0","1"
"@Imgiang","0","1"
"@Quân Peter chỗ a nè","0","1"
"@haovu1133 @thành trầnn ê bữa định đi quán này nhma nghe ăn k ổn nè","0","1"
"@Tutu lên giá seo","0","1"
"quán ruột viral @lochungtran @phmthnphunnn","0","1"
"@_phwg.ahnn04_ sao đây","0","1"
"@Bảo Trâm bữa nào mò ra i ăn hong pà","0","1"
"@Thúy Trương thay dookki","0","1"
"@conmeocuti ê hay đi ăn lẩu viên k","0","1"
"@Quốc Khôi nào lên đi","0","1"
"@cạp cạp aiu ơi","0","1"
"Đi thoai ???? @Po ????️‍????  thả lẩu kìa","0","1"
"@Nguyễn Tâm5885 lãnh lương e đi ăn này điii","0","1"
"Đi ăn@Amy @Anna pham","0","1"
"@my.phn ăn thử chưa, ngon lắm nha","0","1"
"@MTram áo cam đtrai quá kìa","0","1"
"@Anna và Teddy???? đây em","0","1"
"@Ngoc Thanh thích ăn giống z hem","0","1"
"@@hunbeo lô","0","1"
"@Vaan Anh [wronged] ê mày","0","1"
"@Tui Đang ngủ ???? ngon qaaaaaa","0","1"
"@impe.arl neo đi làm lợi cdoi khum cậu????","0","1"
"@Rin đấy","0","1"
"@bao giờ giàu thì đổi tên!! Chống đói nè","0","1"
"@Trần trà myyy gần vnu phết =)))","0","1"
"@????????????????. bánh cáaa","0","1"
"@Phan Ngoc Anh hahaha","0","1"
"@diep10_87lang gét gô","0","1"
"@t sầu nha ???? đi ăn đi đỡ sầu","0","1"
"@mít mai","0","1"
"@Đăng Minh Vũ em muốn","0","1"
"@T R U O N G ???? cho meoo ăn","0","1"
"@Vũ Hương Dịu thèmmmm","0","1"
"@Lã Phương Mai bây ơi","0","1"
"@_trantra29103_ nữa nè :))","0","1"
"@bephuong???? bánh cá","0","1"
"@An An đi ăn lẹ","0","1"
"@Phương Anh từ giờ trà đá đại học thui nhé","0","1"
"@Hạnh ????????","0","1"
"@Đỗ Uyên hiii","0","1"
"@mp nhịn 1 tuần đi ăn 1 ngayg","0","1"
"@Đạt Đẹp Trai ???? đi học cùng k????","0","1"
"@Nguyễn Bảo Hằng kem chanh chỗ nào nhỉ","0","1"
"@linhtho595 kem chanh này","0","1"
"@Ohlahlah vậy là k phải quay lại hlu mới có kem chanh rồi huhu????","0","1"
"@Quẹc quẹc vì cí này nên tui nhớ kem chanh đó","0","1"
"@Dung đấy thẩm dần đi","0","1"
"@myytraaaa người bận rộn xem hôm nào đi","0","1"
"@Borahae_9597???? t đi học rùi đi ăn xiên bẩn đây","0","1"
"@ttp-Phươngπ✓1 Rẻ vậy á ????","0","1"
"@Ngoc Anh động lực kìaa ????","0","1"
"@T m ơi kem chanhhh","0","1"
"@Quỳnh Nga 1 thời nè","0","1"
"@Shopxinhheve sao tui ko bit món kem chanh nhỉ","0","1"
"@???????????? mời bạn","0","1"
"@Trần Linh???? hẹn hôm nào ????","0","1"
"@Pham Binh cho t đi ăn kem chanh","0","1"
"@Giang????‍♀️????‍♀️ kem chanhhhhh","0","1"
"@Như Quỳnh kem chanh kem chanh","0","1"
"@Grap top alo alo ????","0","1"
"@đi uống trà bí đao ko⁉️cậu mún lên hong ????????‍♀️","0","1"
"@Nguyễn Thị Huyền Trang nhớ ở hùynh thúc kháng","0","1"
"@Shopxinhheve tui chưa ăn này bh hôm nào đi ăn thử khum","0","1"
"@user9433045226172 mai mua cầm sang nhá","0","1"
"@Chu Quỳnh toàn thấy chê =))","0","1"
"@userwik57gmbg1 tại sao mình lại lầm đc lạc lối ????????","0","1"
"@uchihahahahahaha thẩm chưa dịu","0","1"
"@Dương Văn Định oppa","0","1"
"@BL k nát =)))","0","1"
"@mphune tại sao qua mk ko thấy☺️","0","1"
"@user839i3ufuuei3i3ieiei gần m k","0","1"
"@ghéc ăn hành ăn như qp mng ạ :)))","0","1"
"@Lưu Quang Khoa nè anh","0","1"
"@.? Xa nên hoy nha","0","1"
"@✩°｡⋆⸜ pdung✮ rv di xong mua cho t????","0","1"
"@????????.???????? thử khum","0","1"
"@Nghĩa đang trồng hoa ???? cầu giấy nè","0","1"
"@Lân đây r","0","1"
"@Quach Huu Lam ck oi","0","1"
"@vy_0123450 điiiiiii","0","1"
"@Hohuqua ô. Ngay gần ????","0","1"
"@Hặn Hặn quán mới","0","1"
"@Hạo Vũ và những người bạn Đi khum bạn","0","1"
"@Nguyễn Ngọc200802 đi đê","0","1"
"@tomchiensu tr ơi là tr","0","1"
"@pa tiếp","0","1"
"@???? chiến chiến","0","1"
"@Ly giảm cân đi","0","1"
"@trượt 3 nguyện vọng đầu đii ????","0","1"
"@Ngoc_ahn","0","1"
"@Kimcuc Vu","0","1"
"@Dương Thuỳ","0","1"
"@Cường Lê Offices ????","0","1"
"@Xuân Quỳnh","0","1"
"@Hà","0","1"
"@Bao Chau","0","1"
"@Chlee.Shop","0","1"
"@Nguyễn Hải Bách","0","1"
"@Ng Quynh Trang","0","1"
"@thuhien21-10 @Ngọc Linh","0","1"
"@Anh Phạm nè bên cau giấy ne a","0","1"
"@6303.vt89 đây à","0","1"
"@ℍ????̀???????? ℙ???????????????? đang không biết ăn gì heee","0","1"
"@Phạm Thuỳ ✨","0","1"
"@Thu Huyen","0","1"
"@Cá Con Đánh Chứng ????","0","1"
"@Nguyen Anh ????","0","1"
"@Chisooo????????????  b oi","0","1"
"@GobLinn","0","1"
"@truongnghiem160905","0","1"
"@Long pisces’s ????????","0","1"
"@haiz","0","1"
"@Thanh Huyền ????","0","1"
"@Vũ Thị Tâm","0","1"
"@Manh Hieu","0","1"
"@???????? Khánh ????????","0","1"
"@MEN SHOP","0","1"
"@???????? ????̂???? (????????????̨ ????ạ????) ở cầu giấy này","0","1"
"@lamdz0408","0","1"
"@Holaa ????","0","1"
"@:)) rì viu cấy","0","1"
"@HàAnh của anh ???? nhìn bánh đồng xu kia lạ k dì","0","1"
"@Thùng chanh múc no bạn","0","1"
"@Bống Bagg ăn bánh con mực ik","0","1"
"@Steven cạnh nhà vợ có hẳn 2-3 chỗ bán","0","1"
"@Vợ Fourth faen Gem bánh con mực","0","1"
"@✨Mai mẹ fomai ngta nnay","0","1"
"@CONSTRUCTION ENGINEER IN JAPAN ???? con mực","0","1"
"@???? bé thích hình con mực","0","1"
"@Tuyết Nhung tối ngoan thì cho đi ăn kkk","0","1"
"@@Thu_thuỷ b ơi, nao đi nha","0","1"
"@bao giờ PL bỏ thì đổi tên anhhh ????????","0","1"
"@thư bánh con mực này lạ quá","0","1"
"@Nguyễn thương có cả bánh hình con mực này","0","1"
"@đạt nguyễn lại phải đi thôi","0","1"
"@vux ???? nghĩa tân kìa","0","1"
"@Huyềnn Huyềnn Bác ơi","0","1"
"@Kiều Châm con mực","0","1"
"@h•linhh05 kia","0","1"
"@tuyenc.211 kkk","0","1"
"@???? toi mún ănn","0","1"
"@✰???? ra là v","0","1"
"@Nhật Lệ tròi oi mai","0","1"
"@Tố Uyên có phải hồi cấp 3 hay đi măm k nhỉ","0","1"
"@ThuyDuong thèm hong","0","1"
"@Đ.Đức trông quen quen","0","1"
"@lường dũng","0","1"
"@truongnghiem160905","0","1"
"@unknownbina","0","1"
"@Thu Thuỷ ❤️","0","1"
"@Chi Cena","0","1"
"@Thanh Thảo đi khum","0","1"
"@nguyen2005huyen2 quán htrc","0","1"
"@Thảo Hiền Nee","0","1"
"@snakew.289","0","1"
"@Chi Cena","0","1"
"@lexinggeii^^","0","1"
"@Chi Chi hơi quằn quại nhg mình thít =))","0","1"
"@ghệ iuu dấu của GemGem???? @T.zyyy bản gốc ????","0","1"
"@ngocanh1206 nè","0","1"
"@anhyeudiepchi_ quề chá nà=)))))","0","1"
"@vitʕ•ᴥ•ʔ dm vietsub in china","0","1"
"@(-(hhh)-) thức với tui ngắm ko ????","0","1"
"@bé cá???? cùng ngắm nhaaa","0","1"
"@Bí nhe ♓️@???? mai quậy này đc nè","0","1"
"@Hiền Hiền ???????? ls c có thể quên nụ cười của e????","0","1"
"@pm @Nguyễn Mai Oanh gwenchana","0","1"
"@Kim Ngân đang giảm béo ê làm hong có lợi luôn á","0","1"
"@????????????????????:suka masak g suka cuci piring????","0","1"
"@meo..310 cuối năm nay hay sang đầu năm là đẹp rồi","0","1"
"@_23.06 ???? deth gheee","0","1"
"@thich an bun dau mam tom 2 cặp đôi đều đẹp quãi","0","1"
"@ĐaVyKim nhớ đi học hỏi kinh nghiệm nha","0","1"
"@KiuTru chuẩn bị tới ac ????","0","1"
"@Triều Nghi tui chờ Yayaaaaa","0","1"
"tiếp ik chj em sắp quên lun em có ny r @...","0","1"
"@???? @thuỳ dương gái đẹp nè aee:))","0","1"
"@Traamm đó cuốn vãi","0","1"
"@Mạnh Cường7212 đẻ con gái cho nết na ???????????? r nó mang em ra tô màu luôn ????????????","0","1"
"@Kim Thoa t thay tới lắm r đó ????","0","1"
"@Nguyễn Huy làm chị khó lắm ????","0","1"
"@Tháo niềng thì đổi tên ???? tự nhiên thấy tương lai r đấy bác","0","1"
"@Minh Hiếu 1608 thôi không đẻ nữa","0","1"
"@Bụi Bụi ♎️giống Bo hồi nhỏ ????????????","0","1"
"@Định nè????️ con chị trông thằng em thế này đây","0","1"
"@Ngọc Xuyến @Trần Thị Ngọc Mơ???? mai mốt cho 2 đứa con 2 đứa m chơi chung với nhau","0","1"
"@Nguyễn Văn Hướng có con","0","1"
"@lộc_ hàm_9x con chị sau ni????","0","1"
"@Phương Linh r đó báo k à","0","1"
"@Vi @2th10 @︎ ︎ ︎ ︎ ︎︎ ︎ ︎ ︎ ︎ ︎︎ ︎ tập goi nhảy solo với bác kia","0","1"
"@Lại Văn Vinh nên đi k b ????","0","1"
"@Thu Hoài ???? ????","0","1"
"@Thu Huyền","0","1"
"@Nguyễn Giàu","0","1"
"@hyen","0","1"
"@Khả Tân","0","1"
"@????Sói Cô Đơn????❤","0","1"
"@???????????????? ????????̀???? ????","0","1"
"@Thế Anh????","0","1"
"@Soo","0","1"
"@quabido2015","0","1"
"@????????","0","1"
"bn j đó ơi chj @GĐ: Shin ???? fl bn kìa ????","0","1"
"My bitcoin verification and withdrawals has always been a success with @VICKAS_TECHZ","0","1"
"@Linh Đan (fan Thị Nhung) áo quần đẹp hè","0","1"
"@Đại ka : Kẹo thúi???? ????????????","0","1"
"@Biệt đội nhà Báo???? nói A di đà Phật xong tui nói xong cái nhà báo đẩy bé xuống đó lúc 12h rưỡi lúc nhặt bé lúc 3h kém k bt bé còn k ạ","0","1"
"t nhà lửa nhân mã♐️còn m@ʚ????ɴʜɪᴇᴇ ᴅᴅay????ɞ thì s","0","1"
"Sao giàu lại khóc@Tramny????","0","1"
"@nguyenhaphuonq @N suy nghĩ đi","0","1"
"@aw crab ????","0","1"
"@kim ngưu khong co ngiu","0","1"
"@Cao Quoc Hung","0","1"
"@tt","0","1"
"@Le Cong Danh","0","1"
"@Thanhdn25","0","1"
"@Cao Quoc Hung","0","1"
"@TuAnh","0","1"
"@Thành0211","0","1"
"@????","0","1"
"@????","0","1"
"@gnoudiub_0412 a iu ơi","0","1"
"@Nguyễn Thị Hải Yến","0","1"
"@Linh Truc","0","1"
"@Phạm Luân","0","1"
"@_hhndangiuu .","0","1"
"@Hoàng An cỡ này mới đc gọi là phim kinh dị chứ","0","1"
"@Ngô Hoàng Yến đi xem:))))","0","1"
"@Ng DuyHung di xiem phim koh","0","1"
"@Bích Ngọc đó dị mè zợ nói ko có zì để sợ hẻ","0","1"
"@Nguyễn Híuu Phim mới","0","1"
"@Kim _16201 hay này m","0","1"
"@Hming i chem","0","1"
"@Quý Mùi ✈️đi xem đi chồng????","0","1"
"@em điệu anh oi =)))) xem k","0","1"
"@chidien94 chiến thoi","0","1"
"@lee da nam bà có đi với tui khum","0","1"
"@Khoa Đăng Lê hú hồn","0","1"
"@JoliTien Store đi đi","0","1"
"@GG NTL woaaa coi bộ hay lắm nè","0","1"
"@:))) hù","0","1"
"@thích con trai @@@ thi xong đi liền","0","1"
"@Abe của Ín đã tag","0","1"
"@Yeenhiiw311 đi xem mà nge nói bạn mới 16 tủii ????","0","1"
"@Zeye đi mày","0","1"
"@33% đi xem cí này chắc tối về mất ngủ????","0","1"
"Khúc này sắp đẻ. Coi có khi nào lọt con ra ngoài luôn ko :)) @trannhibao","0","1"
"@Huyhuy2003 em thít coi phim me","0","1"
"@Ngoc linh @nguyen yen van @lololololololol chuc be ngu ngon","0","1"
"@???? ê di xem","0","1"
"@KL???? @Dươиɢ phải cỡ này","0","1"
"@????️ tới bữa rảnh đi coi phim hay nè????","0","1"
"@;) cứ ghê ghê","0","1"
"@Phương Nhiên e ơi","0","1"
"@mtri041202 coi hem","0","1"
"@Thanh Vân nèee ???? @Híu????’","0","1"
"@Tina","0","1"
"@quabido2015","0","1"
"229 @cá ???? @ChonNguyen","0","1"
"972 @Vel @Khuong Thuy Linh","0","1"
"@nhatquan24 @Annn120912 18","0","1"
"@sẽ rồi","0","1"
"@n.phương????????????","0","1"
"@Chip xynh???? ..","0","1"
"@Thịnh Nguyễn hay a","0","1"
"@Cá con sặc nước mún xem","0","1"
"@Đã có chồng chất nỗi lòng ???? khum bỏ qua cái phim kinh dị nào hết á em :v","0","1"
"@bihthah chú nghĩ sao","0","1"
"@Ngọc Anh Nguyễn hoho","0","1"
"@nguyenan1702 dfi hem","0","1"
"@Vũ Thị Quý em đi Đl về đi coi phim","0","1"
"@팜 부 안 ???? nốtttt ahhh","0","1"
"@nguyễn trung tháng sau coi hông","0","1"
"@klinh_2302 hi vọng","0","1"
"@Kay ????️‍????????????‍♂️ đi thooii","0","1"
"@Duy Anhh đi thoi bé ơi","0","1"
"@zxy.lam t10","0","1"
"@Tiến Thành dám coi k bạn","0","1"
"@thanhhuyen ????‍♀️ coi đê","0","1"
"@TucPC chồng ơiii","0","1"
"@klinh dám đi coi k","0","1"
"@Ng Ngoc Diem Quynh djjjj","0","1"
"@nhimforsure_ quài","0","1"
"@Dungnekkk @Linh xinh gái @Huyền Trang xem!!","0","1"
"@Tén gòi lung","0","1"
"@Dâu nè m","0","1"
"Bà cố nội ơyyy @Zun.gemini","0","1"
"@_ânn lin muốn xemm","0","1"
"@nobita đi oi","0","1"
"@Nguyễn Quang Hào kh đi hét thì tội lỗi hâhh","0","1"
"@Minhy Nguyễn ghê nha","0","1"
"@Quốc Tiến chong oi","0","1"
"@Đănggggg @???? @KeiLin tới nữa rồi đó","0","1"
"@Nhung ????","0","1"
"Đi PQ về rủ anh Ba đi xem luôn kk @Chú Nghĩa","0","1"
"@tamphong2307 bn thấy s","0","1"
"@Jenayen_2501 Ko coi dc valak thì mình coi này cũng dc nè bae????????","0","1"
"@Quang Nguyen aduuu oxaaaa","0","1"
"@Trần Thành Đạt đi xem khum","0","1"
"@Đức Nè dô dô","0","1"
"@hết nghèo đổi tên @Cogaimaycha???? hẹn tháng sau","0","1"
"@6uonH???? ms nè","0","1"
"@Thảo Nguyên k sợ lắm","0","1"
"@Phạm Minh Thu đi xem đi","0","1"
"@nhidangyeuthenho hay","0","1"
"@Luv Ái Chou em mún xem","0","1"
"@Trần Băng Di sắp có phim để hóng xem r đây","0","1"
"@trà xanh sữa trân châu babi hay nò cún","0","1"
"@???????? đi đi:))","0","1"
"@Cam Xuyen phim tình cảm trong sáng nè","0","1"
"đắt mừ k ngon","2","0"
"ko ngon","2","0"
"quán này đắt","2","0"
"giá hơi đắt","2","0"
"Cho địa chỉ ở đầu đi ad ơi","0","1"
"ở chỗ nào","0","1"
"Địa chỉ ở đâu ạ","0","1"
"Địa chỉ ở đâu thế ạ","0","1"
"Đặt bàn như nào ạ","0","1"
"Địa chỉ đâu ạ","0","1"
"cho xin địa chỉ","0","1"
"Địa chỉ ở đâu đó ạ","0","1"
"Em xin địa chỉ ạ","0","1"
"Xin địa chỉ","0","1"
"Địa chi","0","1"
"em xin địa chỉ ạ","0","1"
"địa chỉ","0","1"
"địa chỉ ở đâu zậy ạ","0","1"
"ơ sao ko nghĩ địa chỉ?","0","1"
"Địa chi mô r b","0","1"
"Địa chỉ ở đouu théee ạa","0","1"
"cho xin tên quán và địa chỉ","0","1"
"Địa chỉ ở đâu thế ạ?","0","1"
"nỗ cho mjh cái địa chỉ cụ thể lm sao dễ tìm dj bạn","0","1"
"Xin địa chỉ với ạ","0","1"
"Xin địa chỉ ạ","0","1"
"cho m xin địa chỉ quán đc ko ???","0","1"
"Địa chỉ mình ở đâu đây ạ","0","1"
"địa chỉ Shop ơi, tui cần địa chỉ","0","1"
"cho em hỏi quán chay địa chỉ ở đâu vậy mn","0","1"
"Cho mk xin địa chỉ ạ","0","1"
"Toàn nói k để lại địa chỉ","0","1"
"địa chỉ đi c","0","1"
"Địa chỉ ở đâu vậy ban.???","0","1"
"cho đia chi","0","1"
"cho xin địa chỉ.","0","1"
"không thấy để địa chỉ pé","0","1"
"địa chỉ cụ thể đi ạ","0","1"
"Cho em xin địa chỉ cụ thể đi ạ","0","1"
"Địa chỉ cụ thể đâu v ạ","0","1"
"Cho địa chỉ ở đầu đi ad ơi","0","1"
"địa chỉ ông để cuối video mà thấy nhiều người hỏi nhỉ","0","1"
"Bạn ơi, địa chỉ chú có cố định ở đâu ko vậy ạ","0","1"
"Địa chỉ rõ ở đâu ạ","0","1"
"Nổ địa chỉ bạn ơi","0","1"
"cho m xin địa chỉ","0","1"
"e xin địa chỉ cụ thể đc k ạ, search gg map nó ra q5 ????","0","1"
"cho e xin địa chỉ đổ mua đi chị","0","1"
"cũng ngon","1","0"
" ăn như này ngon","1","0"
"Hải sản ngon quá","1","0"
"ngon nhe tui ăn rồi","1","0"
"Quán nàu đồ tươi ngon nè , mk đi 2 lần r lần nào cũng ưg ý","1","0"
"Quán này ướp ngon phết, vừa độ.","1","0"
"e ăn chỗ này òi, ngon nha","1","0"
"Nhìn quầy buffet ngon quá ????","1","0"
"Đồ ở đây ướp gia vị ngon nha ???? hợp khẩu vị với mk","1","0"
"Ngon lắm mn ạ mk ăn r , quán còn sachh sẽ nữa","1","0"
"Đồ ăn ngon nv lại nhiệt tình nữa????","1","0"
"Chân gà ở đây ngon này","1","0"
"ngon quá","1","0"
"Ngon qua","1","0"
"ngon qua","1","0"
"Hải sản ngon quá","1","0"
"Quán này ăn ngon lắm","1","0"
"Đồ ăn ngon, nhân viên nhiệt tình","1","0"
"đã thử, nvien nhiêt tình, view đẹp phù hợp với mức giá","1","0"
"Đồ ăn ngon nv nhiệt tình lắm????","1","0"
"Giá đó đi ăn Subin BBQ ngon hơn, nhiều món hơn, thịt tươi ướp ngon, nhân viên nhiệt tình, đồ ăn kèm xuất sắc","1","0"
"Đồ ăn ngon nv lại nhiệt tình nữa????","1","0"
"hôm mình đi ăn, chị nhân viên quán này thấy mình ngồi xa quầy lấy đồ ăn quá, chị hay lại hỏi thăm sợ mình không lấy đc đồ ăn, nhiệt tình quá trời lun","1","0"
"Eo ôi đồ ăn quán ngon xĩu luôn mà nhân viên nhiệt tình nữa , nhất là bạn tóc vàng á cute xĩu","1","0"
"T ăn gòi. Đảm bảo ngon nha. Thêm vé nước là 30k. Khăn 2k. Nvien bao nhiệt tình dễ thươnggg","1","0"
"Daohoa ăn khá bth nch là trải nghiệm cx đc nvien nhiệt tình . Nhưng hải sản ko đc ngon lắm","1","0"
"Đồ ăn ngon giá rẻ , nhân viên còn nhiệt tình","1","0"
"Quán to rộng rãi, đồ ăn tươi ngon, nhân viên nhiệt tình nch là ưng cái bụng????","1","0"
"Hôm qua mới đi ăn luôn ắ chời.. Đồ ăn đánh giá 8đ nha nhưng sôt thì 10đ ta nói nó kẹo kẹo đúng đậm đà luôn. Còn nhân viên Phục vụ thì nhiệt tình 11đ","1","0"
"Ăn ok nha. Vừa đi xong. Chủ nhiệt tình ????","1","0"
"Đồ ăn ngon, nhân viên nhiệt tình ????","1","0"
